Packet,Power Setpoint (kW),Dwell Time (s),mean_value,mean_MovAvgValue,skew_value,skew_MovAvgValue,std_value,std_MovAvgValue,BeadNumber
1,1.5,0,173.5678899082569,173.74880952380954,0.0021521873513096076,-0.5127086996934304,18.939622139082758,5.1627235604172705,1
1,1.5,15,178.16190476190476,179.25373983739837,-0.15560374942793773,0.5449819196344262,20.69770757167121,5.583853020347643,1
2,1.5,15,173.83276836158194,173.83525423728813,0.0190604904143885,-0.3818376959524562,16.124087349701732,4.88856970016847,1
2,1.5,30,172.65060240963857,172.95052845528454,0.09587722278909644,-0.8119387162802857,29.920298084035785,9.694212533495683,1
3,1.5,30,173.81333333333333,173.7763703703704,0.15227617476497227,-0.8087385403639283,24.18950925936603,4.980485142017979,1
3,1.5,60,174.37679999999997,174.39799731182794,-0.12816575851901577,-0.5244924778498813,21.031286739890255,6.336651070733176,1
4,1.5,60,173.0326086956522,173.17434782608697,-0.08235560606240494,-0.07540278305086992,18.11925761218232,4.227217229343819,1
4,1.8,0,166.28035714285713,166.41741516966067,-0.2572816841876325,-2.49490152051823,16.914587329945235,7.487542232045349,1
5,1.8,0,166.9125,166.945,0.007400214797229872,-0.3245826855923095,16.94384673879259,4.882552401021209,1
5,1.8,15,165.96635514018692,165.96723004694834,0.16014159719678797,0.00662769086328725,16.89141762758613,5.425480835019906,1
5,1.8,30,178.4,177.2,-0.08063361339373387,-0.47053254967426417,21.962968833925892,7.887366832825513,1
6,1.8,30,175.7417840375587,176.0260641627543,-0.19360360849085817,-1.0958273265358174,16.962480533778095,6.250705244449763,1
6,1.8,60,167.79148936170213,167.68615942028987,0.1556735217135234,-0.5026535084197559,15.87873653098812,5.889781031683676,1
7,1.8,60,165.20462427745665,165.08971098265897,0.31476212949231214,-0.19931465223535352,17.05783873216836,4.372924414992685,1
7,2.1,0,173.28045977011493,173.14153100775195,0.4282100039540098,-1.203744454324765,17.002180701997105,4.611112240283384,1
8,2.1,0,173.00381679389312,173.2157251908397,0.34935724932006845,-0.8537851229809139,14.412897026782598,4.155692903537794,1
8,2.1,15,164.56356589147288,164.41423177083334,0.25358785194911626,-1.955293710149169,12.341899785287413,4.513717925894164,1
9,2.1,15,164.975,165.02129166666666,0.22433407408216294,-0.3759422006825096,12.899421044804262,4.089781122818156,1
9,2.1,30,176.47333333333333,176.4335195530726,0.18136846740157353,-1.1527475926505908,14.946954997160821,4.701280574618172,1
10,2.1,30,175.83783783783784,176.825,0.22336635453796266,-0.21974945110393318,15.583348508929353,3.8409142430184704,1
10,2.1,60,175.85205479452054,175.83116972477063,0.07734958737800908,0.0006496220822004335,13.367718643125107,4.434364867373946,1
11,1.5,0,170.31176470588235,170.21179545454547,-0.0719740608122726,-1.9681295505908374,22.57407900182749,7.505705384181717,2
11,1.5,15,171.39302325581394,171.14000000000001,0.057554855236906545,-0.4966818740923041,32.294016807989124,6.746511293561016,2
12,1.5,15,172.77514124293785,172.93604519774013,-0.03873377826471191,-0.479110504307917,19.396158625876524,5.558836143535145,2
12,1.5,30,177.3425287356322,177.7025968992248,-0.17988924682249094,0.43975294221668937,23.369114143602506,5.629597796175971,2
13,1.5,30,173.0725925925926,173.09214814814814,-0.011753879466581484,-0.46261348918681383,20.4441409686179,4.218367864538954,2
13,1.5,60,171.84186046511627,171.59447916666667,-0.236021465849304,-2.2966052908192776,19.990695873621505,7.648854661686815,2
14,1.5,60,174.76373626373626,174.49714285714285,-0.17921285876006787,-1.351105914900888,19.57930038747563,6.984315489519569,2
14,1.8,0,162.51098265895953,162.4985465116279,-0.03020943127149724,-0.05501964624752527,16.53599476493557,5.228054934804422,2
15,1.8,0,163.3,163.32425531914893,-0.44434262709767297,-0.5224825336002864,15.376124914662482,4.927376824252187,2
15,1.8,15,163.46172248803828,163.30547275641024,0.12972225398394802,-1.020906562563027,19.296329585709024,6.506635201138364,2
15,1.8,30,171.65,171.07380952380953,-0.22201177189203133,1.4464534699153386,28.164364515668172,7.142984820287463,2
16,1.8,30,171.10934579439254,171.14518691588785,0.12755205811673406,-0.4396047359347463,28.08911383440087,8.031884668395135,2
16,1.8,60,165.18599999999998,164.99639455782312,-0.04771066467092332,0.01402996239206164,27.835434838584096,6.634271773258254,2
17,1.8,60,162.72383720930233,162.95627906976745,-0.042267533012422025,-0.34176067034760227,19.39135158218401,5.499598293998278,2
17,2.1,0,169.26304347826087,169.5575641025641,-0.0851883857018589,0.7558507546014565,22.498316017037467,6.79405398763468,2
18,2.1,0,169.51653543307086,169.42732283464568,0.3042706599675748,-0.14562628620574392,20.720118142472558,5.813327899574086,2
18,2.1,15,161.24306569343065,161.19383578431373,0.32667045889481444,0.6391040783420329,16.393169289553086,5.450977770559875,2
19,2.1,15,160.7345238095238,160.855,0.247956980040273,-0.5252898088372234,20.241776518823155,6.1750854830432464,2
19,2.1,30,171.07444444444445,170.9562849162011,0.08376002167908338,-2.008760484382008,23.36548837871076,8.700381231700044,2
20,2.1,30,176.975,176.4255,0.3407569697780032,-0.36678756793835393,20.890406950658054,5.975090150591232,2
20,2.1,60,168.06545454545454,168.24795281582954,0.2560995847020095,-0.23740732288033678,18.776306046243942,5.992702762434052,2
21,1.5,0,175.39454545454547,175.44831811263316,-0.002805051256960808,-0.1567543608340647,15.357727288361321,5.627331484175673,3
21,1.5,15,173.645,173.22089743589743,0.18003992923406442,-1.6274048062322337,37.90006393337413,11.519227498859903,3
22,1.5,15,178.0343195266272,177.94242603550296,-0.03453431503704557,1.5294741814549975,18.123419626790184,6.002969208434557,3
22,1.5,30,175.56703296703296,175.11127777777776,-0.1790234588201151,-1.787498963792428,18.604521881312465,6.987827199274206,3
23,1.5,30,177.06,177.52924,0.3802571890460704,1.8677108792318888,14.757933896830743,4.967155594502748,3
23,1.5,60,178.83333333333334,178.82552238805968,-0.18675127924515975,-1.780241109773719,17.689831803997784,5.430832209582108,3
24,1.5,60,175.4679012345679,175.5483744855967,-0.7313411928438253,-1.1204450477027117,16.159361274200272,6.581803725124539,3
24,1.8,0,162.3463687150838,162.2641947565543,0.005707885679889636,-0.4142729594869778,15.364632731923047,6.840756633978492,3
25,1.8,0,165.59,165.524625,-0.416831892845467,-0.6067687304312073,16.2993597483192,4.679067870614881,3
25,1.8,15,163.9115207373272,163.96966820987655,0.02555513120807146,-2.6318893773645127,18.259355947598355,9.101808012768108,3
25,1.8,30,170.23333333333332,179.36666666666665,-1.6434927416185767,,31.820957454692238,12.916483869674297,3
26,1.8,30,175.0626168224299,175.2014953271028,-0.08189406461582595,-1.5384640845892468,16.50295761436415,5.47189501703413,3
26,1.8,60,164.42391304347825,163.7405925925926,0.018761392168370975,-1.2142757548236196,31.05732466679861,12.035697624883253,3
27,1.8,60,165.9757225433526,165.98751445086705,-0.05160591139263423,-0.5319661194467256,17.13092505455837,5.318041381464095,3
27,2.1,0,169.19885057471262,168.9901937984496,-0.1637532308800824,-0.8864629153144531,20.40865921016082,9.582725755398448,3
28,2.1,0,170.6323076923077,170.63107692307693,-0.32567998117705055,-0.7271906721919212,14.714445864995865,7.013436522454751,3
28,2.1,15,162.0476923076923,161.83830729166667,-0.5901003456983555,-1.4084374956593373,16.460293852268887,9.501555336106343,3
29,2.1,15,158.09176470588235,158.5109411764706,0.2330108623429961,-0.6267745811679947,16.346670053828678,7.746134884654449,3
29,2.1,30,175.2702857142857,175.3087164750958,-0.25411808501472444,-0.33603410700056624,21.884745840256194,7.7595253878969705,3
30,2.1,30,172.5285714285714,174.0990476190476,-0.7495451596987159,-1.541983102250795,21.540639817866747,10.979055350435237,3
30,2.1,60,172.03640552995392,172.2952237654321,0.05345908996444853,-1.544986883888628,18.496651648478284,6.4082226279552525,3
31,1.5,0,173.00366972477065,173.03029185867896,-0.041959055377653716,-0.9292777760699821,14.683834972939987,4.5020850241449075,4
31,1.5,15,171.0,170.87472222222223,0.1939409159844124,-1.3260527112471807,20.251889976470043,6.083063853221235,4
32,1.5,15,175.16256983240223,175.05240223463687,0.1760098568296236,-0.06983935547131621,13.663779565352531,3.269626019777866,4
32,1.5,30,176.08292682926827,176.22746913580247,-0.34330064239454094,-1.0247819952690416,16.895998539197233,5.287678359948883,4
33,1.5,30,176.7485294117647,176.6954411764706,0.33956632269140674,-1.0260492862687915,15.961546315577124,3.1838916014599974,4
33,1.5,60,175.33120000000002,175.3894623655914,-0.023598906976745014,-1.8127278402718656,16.292296893456008,4.94766805430874,4
34,1.5,60,177.0141304347826,177.07559782608695,0.1256433621349642,-0.9413088195031643,14.37593059785099,4.210369384384489,4
34,1.8,0,160.8958579881657,160.65746031746033,-0.14057865805977948,-0.8131771828666948,16.59837325301427,5.956596755580804,4
35,1.8,0,166.60238095238097,166.90011904761906,-0.13929142141516404,-0.29840789872486084,14.839211209318044,2.878843875352167,4
35,1.8,15,164.4375,164.42328660436138,-0.17050954185685502,-3.153762777961674,16.09813310713027,7.044388921837334,4
35,1.8,30,196.03333333333333,190.46666666666664,-1.7108015289397456,,35.41106230167819,7.872455497210214,4
36,1.8,30,177.1348623853211,177.35451834862386,-0.010641295864346862,0.17462791555874657,13.963292074471969,4.190978831822715,4
36,1.8,60,162.76511627906976,163.07873015873017,-0.3522061951046414,-1.0947821750440967,19.80099665265712,11.680583690040656,4
37,1.8,60,167.90742857142857,167.9288,0.11119568437072792,0.14898586849250267,15.928074748344015,5.42709276759168,4
37,2.1,0,171.77325581395348,171.9430588235294,-0.08052267087987754,-0.18676316075981297,19.662651514205386,6.619235167013943,4
38,2.1,0,172.64645669291338,172.77122047244094,-0.20536431795562773,-1.2118157950818453,12.568724065986936,4.807836390782241,4
38,2.1,15,161.7507462686567,161.7759147869674,-0.11674752004173171,0.17582198052412618,15.334450605703012,5.317947640505857,4
39,2.1,15,164.22441860465116,164.21511627906978,0.022216670037419783,0.4896675289226313,15.441250604994345,4.006324336870711,4
39,2.1,30,175.10685714285714,175.17818965517242,-0.002078404115368398,-0.9429437427788735,18.08922200398236,5.553339719853775,4
40,2.1,30,174.09047619047618,175.0102380952381,-0.36723540255047477,-1.2020464546165457,15.376443965885121,6.163177529408109,4
40,2.1,60,173.2924882629108,173.27120283018868,0.01601348464250955,-2.3779459151503652,15.155777275253119,6.160246735674982,4
41,1.5,0,173.602752293578,173.70084485407068,-0.13877306039633322,-0.03610018440165639,14.43602418373181,5.0357464733874355,5
41,1.5,15,176.4431818181818,175.49372093023254,-0.12603919231592675,-0.09645850538079077,16.7546230722077,8.9719415787639,5
42,1.5,15,174.80823529411765,174.9495294117647,-0.022060401426447246,-0.05463047053008811,12.0666513080665,3.472514702217695,5
42,1.5,30,176.03478260869565,175.4458703703704,-0.0033818364906914034,-2.3102587473569174,18.03575468908825,6.226652577736378,5
43,1.5,30,176.72396694214873,176.89964187327823,-0.29771864545332566,-1.837193438555624,13.025385629565752,4.535052570270899,5
43,1.5,60,177.45886524822694,177.4102619047619,0.08992296403707087,0.10847850194034249,15.272954952754068,3.60015279269541,5
44,1.5,60,174.45066666666665,174.77706666666668,-0.38396287890068476,-0.7056173043899717,12.695598016990342,3.510871734104398,5
44,1.8,0,161.63689839572191,161.68585125448027,-0.2318567128287034,-1.183719237382049,16.433393650961776,7.859802821799967,5
45,1.8,0,162.73142857142858,162.90514285714286,0.08006098002831638,-0.9327798750681405,8.478650399977695,3.7419257164228896,5
45,1.8,15,165.46045454545455,165.44125570776256,-0.39435084909843915,-0.15260939813528637,12.463449018481228,4.6895255225304515,5
45,1.8,30,158.65714285714284,152.09722222222223,0.30599545329697814,0.695277582721946,23.43749539682494,11.551692596838425,5
46,1.8,30,175.62857142857143,175.6289523809524,-0.20454514902326917,-0.25440459991882813,13.240157230926616,3.9725666739002397,5
46,1.8,60,165.8,165.75568627450983,-0.05815278848699074,-0.29320066383981597,16.577068971512258,5.543487361825489,5
47,1.8,60,167.35029940119762,167.52814371257486,0.10994335229943296,0.05585972039230595,14.529475128172402,4.728098094760727,5
47,2.1,0,169.47684210526316,169.39225177304965,0.05447643486184979,0.11173217079035733,14.175821884173962,6.085656686529314,5
48,2.1,0,170.06370967741935,170.092688172043,-0.10559213558715713,0.01876090675493103,12.510128154883661,4.08469834332876,5
48,2.1,15,165.2427536231884,165.09332107843136,0.03557846252226472,-0.03533455460381535,14.720767829868766,5.5198786348869735,5
49,2.1,15,165.77283950617286,165.7530864197531,0.08243377701595718,-0.6142990311730067,14.077304539094824,4.9873707732570205,5
49,2.1,30,175.0867403314917,174.99775,-0.05305262826106806,-1.6989613490782633,17.34615682327798,6.173474865437111,5
50,2.1,30,170.73611111111111,172.07347222222222,-0.2816990013728222,-0.8727895079493069,18.07674358755356,6.306802882539318,5
50,2.1,60,174.31059907834103,174.36744598765432,0.08505188671713987,-1.5037595430284874,16.361017584450632,5.452657491352222,5
51,1.5,0,171.46972477064222,171.54758832565284,0.11342759021784275,-1.9085841543030921,15.871593060664916,4.752975323892787,6
51,1.5,15,168.4714285714286,168.48544715447156,-0.7007137237058461,-2.1775605023701,16.94097767954011,12.981923565012696,6
52,1.5,15,175.82542372881355,175.96847457627118,0.041869416577206726,-0.6356813876335891,15.787292716774322,3.577468385076916,6
52,1.5,30,175.6433734939759,175.58770325203253,-0.015916125606504215,-1.0129394305005979,16.80752729721436,5.822969297797252,6
53,1.5,30,176.20538461538462,176.40561538461537,-0.15212783703583144,-0.7328349814799776,15.069977914617139,4.04592435445005,6
53,1.5,60,175.03846153846155,174.96701550387596,0.2893695413222804,-0.2854594362485325,13.246081091457013,3.4903909368606345,6
54,1.5,60,176.3134831460674,176.3265168539326,-0.16915357683281512,-0.859796084695989,14.207401968142241,4.481883507553593,6
54,1.8,0,161.5187134502924,161.5561862745098,0.1556167327987044,0.10126227564208501,17.050530458706806,6.372921845954409,6
55,1.8,0,168.25806451612902,168.12387096774194,0.15724901462552845,-0.11750598644550804,12.809079441124265,2.75462965135588,6
55,1.8,15,164.92307692307693,164.99994696969696,-0.2852766170058269,0.42127785395230793,12.568447562283664,4.264463143265497,6
55,1.8,30,165.5875,159.525,0.5236500156941922,-0.3535481137108544,36.58615809682283,14.040846497642908,6
56,1.8,30,175.54623115577888,175.32376884422112,-0.06631963727856617,-2.3124632509276757,15.795254797182391,6.164707765594887,6
56,1.8,60,164.30819672131148,163.1458888888889,0.017264717122494437,-1.9150095181051419,15.784330785961618,8.810763782122237,6
57,1.8,60,164.7171974522293,164.9358280254777,-0.003436848751209681,-0.3478566063383419,11.603498468598282,4.363586498568764,6
57,2.1,0,168.96893203883494,168.99088235294118,-0.4319075180169208,-2.8482404959683416,16.998045038262113,9.720338322380222,6
58,2.1,0,169.67368421052632,169.68469298245614,0.42711128064745074,-0.08528195467939273,14.34995021810969,3.7631810990905077,6
58,2.1,15,163.66301369863012,163.5729195402299,0.06063895982698458,-0.46598951083797086,14.761866126768611,5.175734812188977,6
59,2.1,15,165.63333333333333,165.83923076923077,-0.23056370906883378,-0.23718314515616917,12.995900119399959,3.4792855548270176,6
59,2.1,30,174.90714285714284,174.8818232044199,-0.030513856742327497,0.09913920880662222,15.14296158993629,4.311729930177896,6
60,2.1,30,173.42105263157896,174.93578947368422,-0.34600920561598625,-1.795382153018501,13.086968097965057,5.221411547567898,6
60,2.1,60,171.40694444444446,171.329496124031,-0.09748644312791906,-1.2407691178707532,14.325225690552708,4.39948386143186,6
61,1.5,0,170.84746543778803,170.83881172839506,0.06469695855834573,-0.18965293163472413,13.698459143206787,4.594171878381315,7
61,1.5,15,171.0717391304348,170.9638888888889,0.14868398090712007,-0.44852887120128965,16.317021283766206,4.902117224509042,7
62,1.5,15,175.22146892655368,175.14418079096046,0.09910532676163648,0.1641791678499478,12.754914030321967,4.232457180564362,7
62,1.5,30,176.91627906976743,177.06821568627453,-0.10426849058834713,-2.2356512186789157,20.306352877074275,6.266077299351179,7
63,1.5,30,176.95426356589147,177.19581395348837,0.015868691748369607,0.20782203267793867,15.702234155088895,3.984812906852255,7
63,1.5,60,178.57985074626868,178.7095864661654,-0.056904147101613345,-0.4140541890048522,14.725139772882942,4.515568306413133,7
64,1.5,60,175.00853658536587,175.72487804878048,-0.18993399968281513,-0.9624314552289575,16.582447966088345,5.35061511264916,7
64,1.8,0,162.57734806629836,162.65705555555556,0.09646390246319864,-0.22217208200831254,17.448845413422344,6.2598150817122,7
65,1.8,0,166.2875,166.277875,-0.02820643355506133,0.04182826438665837,15.482135072730003,4.730495432325917,7
65,1.8,15,162.94389140271494,162.9001212121212,-0.3120927982225688,-0.7823845835171016,12.344543191480792,4.782362019917889,7
65,1.8,30,177.95,177.95,,,22.41528496361356,,7
66,1.8,30,176.23962264150944,176.41227987421385,0.06831899377713543,0.6172236377800921,13.210168991569926,4.892971645989878,7
66,1.8,60,163.44313725490196,162.88083333333333,0.03136157630215808,-1.1533707135508982,19.70812274065658,10.433716567530686,7
67,1.8,60,164.55654761904762,164.53815476190476,-0.20997419546251408,-0.02439466651313813,12.374039077823992,4.432960364437272,7
67,2.1,0,168.74105263157895,169.14044326241137,-0.16334763907796998,0.26675134347083496,16.330877259708636,7.124886656439997,7
68,2.1,0,168.6384,168.74026666666666,0.10331928112032088,-0.09542277023823172,12.792851985991398,5.431413632764427,7
68,2.1,15,163.2014492753623,163.2015693430657,0.02421088580288627,-0.12726957507611425,14.163776072389563,6.0344257412288975,7
69,2.1,15,161.36785714285713,161.2597619047619,0.6482028651032787,-0.36892720977142546,14.474524032079591,5.569641025007531,7
69,2.1,30,176.26033519553073,176.20147940074907,-0.12657695162168006,-0.21302653736005367,16.12355182590109,4.680065282072166,7
70,2.1,30,173.51282051282053,174.58076923076922,0.059626873178502925,-0.8544850058603315,19.06202037515242,7.484846844622104,7
70,2.1,60,170.7591743119266,170.71390168970814,-0.03334711991467333,-1.6012395580186327,15.07428711528315,5.295416957197841,7
71,1.5,0,170.86589861751153,170.8103163580247,-0.032077969869934705,0.6030884806523391,13.137183525061806,3.9695147960411448,8
71,1.5,15,171.96666666666667,172.1757575757576,0.27353007099961035,-0.28883744861124244,13.174527764522788,6.096377503352134,8
72,1.5,15,173.76101694915255,173.71966101694915,-0.009439442929057722,0.09658991709010274,13.740327386463942,3.614585022438623,8
72,1.5,30,176.85176470588235,176.77708835341366,-0.15277094411893197,-1.5857880355445495,17.151861010819026,4.761296621493313,8
73,1.5,30,177.46153846153845,177.66457692307694,0.14899864063320684,-1.3824754141657702,14.941438058573857,3.959861501895223,8
73,1.5,60,176.89469696969695,176.75347328244277,0.12847855882213466,-0.3275038183232026,13.764016114569477,3.305247227122407,8
74,1.5,60,173.9325301204819,174.40409638554215,-1.1975578532564763,-3.7140518350610394,13.104394240042996,6.927633510096879,8
74,1.8,0,160.38324022346367,160.2974531835206,-0.10488038586775669,-0.753913444533901,15.805156625570728,6.012593511441504,8
75,1.8,0,163.05227272727274,163.30818181818182,-0.08802316702725195,-0.30780846942479845,15.829902358134623,3.8015940797997865,8
75,1.8,15,162.70321100917434,162.45582949308755,-0.09374749600307197,-2.6002633811519957,14.115894194296677,5.940776181094398,8
76,1.8,15,175.39999999999998,167.82,,,8.909545442950485,2.630437226013966,8
76,1.8,30,174.9393665158371,174.94210606060608,0.047541171515867696,-1.268000278410091,17.903659797436063,5.866795544701713,8
76,1.8,60,165.86410256410255,164.93995495495497,-0.00816914775838914,-2.2893915183331592,17.145775713898423,8.004556114713274,8
77,1.8,60,166.8672131147541,167.15584699453552,-0.0896726987889388,0.10474067239052653,16.06133560857426,4.868412226058324,8
77,2.1,0,166.7860759493671,166.6501282051282,0.08978756616495943,0.3554412598645192,15.442446781826458,5.757641886987258,8
78,2.1,0,169.20425531914893,169.38879432624114,-0.1838487407204566,-0.3713417333007535,11.399322488266106,3.8623407919434674,8
78,2.1,15,162.40165289256197,162.29906944444443,0.17502476305220546,-0.19461209262962154,14.503011086616201,4.778523259085446,8
79,2.1,15,163.3322222222222,163.85777777777778,-0.20509322635483404,-0.5030502581680187,15.08199184963013,4.274131695188537,8
79,2.1,30,174.31220930232558,174.25608187134503,-0.04708244180843726,-1.7257957908329087,17.949813786596234,5.951461350376269,8
80,2.1,30,171.82045454545457,172.6915909090909,0.4793040131873138,-1.2382379763481015,21.760649139016373,5.635302634485665,8
80,2.1,60,172.39311926605504,172.36499231950845,0.09829657371920417,-0.919660548954336,15.989593343624032,5.124817229245469,8
81,1.5,0,169.57194570135746,169.58929545454544,-0.17099967994310156,-0.31466551022185324,12.892197440056602,5.140190647191697,9
81,1.5,15,173.14285714285714,173.8330487804878,-0.3363167489689333,-0.29794413807140463,20.136450905069264,7.667079027881696,9
82,1.5,15,172.85786516853932,172.95955056179776,-0.01694962541069795,0.16036545487969525,14.50231113254393,3.9411784595437163,9
82,1.5,30,178.20235294117649,178.1045238095238,-0.21093972988517032,0.5226338340859319,14.620207610982657,5.202112153236219,9
83,1.5,30,177.44921875,177.679765625,-0.031324766776744874,0.014811102267865372,13.340153088484874,4.354913807022581,9
83,1.5,60,177.61777777777777,177.62876865671643,-0.07269073519875831,-1.1722980921841866,17.64898147949852,6.445382317086615,9
84,1.5,60,175.01975308641977,174.8692181069959,-0.452060518114826,-1.986351335789265,12.86015571205386,5.258034368722597,9
84,1.8,0,160.15164835164833,160.15996316758748,-0.07685735803452824,0.554278675159028,15.15990541113484,5.750565855023018,9
85,1.8,0,159.5581395348837,159.76093023255814,0.9898099093043911,0.47482482494184564,10.15783142769163,3.2668754651104215,9
85,1.8,15,163.94000000000003,163.90745814307456,0.06075392428320374,-0.01828936997389131,15.395526243376755,6.0507062719190134,9
86,1.8,30,173.07027027027027,173.1415535444947,-0.2121893914417268,-1.4825029445545648,17.788318372315544,5.420312174167461,9
86,1.8,60,163.28536585365853,162.30920833333334,0.2670344494162707,-1.3191123852394535,22.560103733977044,12.049796170371804,9
87,1.8,60,165.07657142857144,165.33268571428573,-0.06992911675370338,-0.028800060665878934,15.578830674631337,5.104975394648553,9
87,2.1,0,165.63181818181818,165.68446360153257,0.11378267210988331,-0.29646603004515903,13.551540994399272,3.8621237471280034,9
88,2.1,0,167.54885496183206,167.5730534351145,-0.16954767498592843,-0.45556273796519753,14.510268864668085,4.708813527374437,9
88,2.1,15,162.25833333333333,161.9412340966921,0.0789757089673707,-0.8724163609186978,13.63140761392219,5.691620270816589,9
89,2.1,15,163.7191011235955,164.22702247191012,-0.37800921309644814,0.6449513533643341,14.065729438510642,6.49475350847535,9
89,2.1,30,172.5706896551724,172.384633911368,-0.16875330456442136,-2.129883006567885,14.893847998155028,7.333832782997741,9
90,2.1,30,173.72439024390243,174.19772357723576,-0.05862156603130175,-2.235248408322981,15.693036361517239,5.783205351082669,9
90,2.1,60,172.35509259259257,172.2889953271028,-0.05634863146053925,-1.1806322619301373,16.550384580390528,6.0260064551990125,9
91,1.5,0,165.78868778280545,165.68788636363635,-0.37784417636824,-1.0057802566978538,15.929421281426661,5.324269599470874,10
91,1.5,15,174.48048780487804,174.80370833333333,0.06245498228742619,1.2388467021703986,17.474284241596212,10.528493853964942,10
92,1.5,15,172.4,172.55865168539324,-0.12472322011227956,-0.4537033561129028,15.049447687746362,4.049710058955736,10
92,1.5,30,175.80714285714285,176.55180722891566,-0.07848321441670224,0.11970249610476767,14.459063824402365,5.6124133807985,10
93,1.5,30,175.24962962962962,175.56607407407407,-0.2877707269220643,-0.675215717703337,14.074253375250759,4.204253194069694,10
93,1.5,60,177.08267716535434,177.23641534391535,0.10096278971806558,2.3048017921465003,13.057006235103136,4.149725244278018,10
94,1.5,60,175.63260869565218,176.0308152173913,-0.2654340877504116,-0.5294041519322629,13.241992054048506,4.355010205333291,10
94,1.8,0,157.6570588235294,157.6694082840237,0.0045932815863740355,-0.14382099611103766,17.245130781672625,5.9981848399310405,10
95,1.8,0,159.49074074074073,159.26703703703703,-0.2654479543488109,-0.48842563227922475,13.057525387770502,3.718178002594781,10
95,1.8,15,163.47355769230768,163.6698148148148,0.03593410132129554,-0.5066693872574851,13.785493419808137,4.3775217396337345,10
96,1.8,15,144.2,146.58,,,,,10
96,1.8,30,174.2536036036036,174.39750377073906,0.11289174258181116,0.07507678121183994,14.12520806191488,4.244562497902087,10
96,1.8,60,161.04615384615386,159.70412280701754,-0.5894777328455685,-1.5089856693259043,16.812461640008625,11.464931369695938,10
97,1.8,60,165.1529411764706,165.42747058823528,-0.026218893863032423,-0.018266936422584597,14.906978535228854,3.86044618504784,10
97,2.1,0,161.23695652173913,161.21069597069598,0.13868212179224323,-0.7429707833111151,16.125072398790056,5.0851447414116855,10
98,2.1,0,164.92461538461538,164.88619230769228,0.21217894151206187,-0.425539580815371,13.580481099916444,3.9122797535078995,10
98,2.1,15,162.69848484848487,162.39422391857505,-0.047573247118709576,-2.0703648716867415,14.39077834947038,5.926945795746231,10
99,2.1,15,165.87078651685394,165.63955056179776,0.32124764632589253,0.355715371499473,14.19909730043036,3.6129589705645144,10
99,2.1,30,174.20115606936415,173.77388565891474,-0.047441153165474675,-3.007366469553048,18.529875275497695,8.935534489328628,10
100,2.1,30,171.65348837209302,173.23375968992246,0.4573535880092213,-1.5018484146374909,16.631801850058928,7.0085130688032,10
100,2.1,60,169.37385321100916,169.54753456221198,0.06249558392688244,-2.2521441311032886,16.586869628429582,6.29347290947557,10
101,1.5,0,165.785,165.78737442922375,-0.17509283956714244,-0.6286221310383568,12.720956803996017,5.25282825317227,11
101,1.5,15,170.79756097560974,170.649625,0.28529881088178805,-1.071478158922683,18.237358468331948,9.371823484550369,11
102,1.5,15,173.0067415730337,172.8570786516854,0.08542050997674254,-0.4504674480983872,14.617339736117751,5.445467705913978,11
102,1.5,30,176.34578313253013,176.39434959349592,-0.134101320244347,-0.6618622132405457,15.93704306818781,5.05579542746701,11
103,1.5,30,176.34812030075187,176.39383458646617,0.09012365970808751,-1.027368141412297,12.3288439915199,4.116014680636955,11
103,1.5,60,178.42578125,178.58682414698163,0.175325021842375,0.5666756826272773,15.732604422171416,5.011683503160376,11
104,1.5,60,173.62747252747252,173.8869230769231,-0.12965455918326735,-0.5274235751097269,14.556686634091081,4.618444830196913,11
104,1.8,0,154.60588235294117,154.6477613412229,-0.1079755116354857,-0.19914403796401828,16.31998341556456,5.946337260898385,11
105,1.8,0,159.78636363636363,159.69227272727272,-0.19375623075039314,0.23209016084929063,13.275621842556157,7.324935705293307,11
105,1.8,15,163.90673076923076,163.55889694041866,-0.08180237670405015,-1.8435701645498144,16.320570372380423,7.566642323792614,11
105,1.8,30,171.6222222222222,171.98666666666668,-0.10551884846705194,-1.9233324867517643,17.665062820280163,9.724551321922188,11
106,1.8,30,173.86937799043062,173.91263157894736,0.14650515117280144,-0.4697348515154377,14.825508166660107,4.084354943086286,11
106,1.8,60,161.34038461538464,160.1147385620915,0.15802042138797737,-1.4242145796201888,23.92410597928361,10.363428665652162,11
107,1.8,60,166.9859756097561,167.07268292682926,0.11458740630547569,0.21458328911782654,15.774316654407318,6.257147284845265,11
107,2.1,0,165.5783505154639,165.4003125,-0.025727550855878193,0.10484064750549185,13.092286428180747,5.511876975772652,11
108,2.1,0,164.56290322580645,164.92790322580646,0.03471066807348244,-0.7320990618618048,12.175114348084485,5.2039964745983305,11
108,2.1,15,162.95547445255477,162.9566911764706,0.6301030049245022,0.8002042281896625,16.788778288715694,5.9395970751417595,11
109,2.1,15,159.99756097560976,160.73463414634145,-0.2801661396245664,-0.02553058055282545,14.424592987901129,5.720933230251207,11
109,2.1,30,175.0586592178771,174.97568352059923,-0.10772481735326907,-0.08337197997371207,15.666398250627362,5.082780753303732,11
110,2.1,30,172.80238095238096,173.1790476190476,-0.028248909571910327,-0.8404038171301109,14.03682418559088,5.699571147548708,11
110,2.1,60,170.35114155251142,170.39125382262998,0.21382218953774146,0.17300799778345602,15.733912304233238,4.5903253867196865,11
111,1.5,0,165.1968181818182,165.17893455098934,0.025548391456657302,0.07981011951487282,14.078573988070218,4.992880755415329,12
111,1.5,15,166.11951219512196,165.379125,0.06178682122929603,-2.995041527891192,25.16449104901781,10.146202895127928,12
112,1.5,15,169.89775280898877,169.88539325842694,0.12014934823434067,0.054280568043359706,14.502308232627822,4.034939230055011,12
112,1.5,30,176.84096385542168,176.46448559670782,-0.1418089552144849,-1.15129805536142,20.946633911690554,4.893286278171056,12
113,1.5,30,176.4402985074627,176.53537313432838,-0.04360052551058919,-0.1844470049570192,16.653618990301567,4.5189065908709845,12
113,1.5,60,175.6496062992126,175.68891534391534,0.17328990255828236,-0.4259657047360497,14.747627595143548,4.075446867481524,12
114,1.5,60,173.9488888888889,173.84605555555555,-0.22274274604328512,-1.2862830639485687,15.64740165416743,5.12045460227482,12
114,1.8,0,155.60526315789474,155.6845294117647,-0.052151187102096,-0.22731914143672835,16.103241409757505,6.5396548514469,12
115,1.8,0,157.8235294117647,157.5521568627451,-0.08823000056716072,0.09041091531645619,10.602727728943984,3.05077846703131,12
115,1.8,15,162.9435,163.19484924623117,-0.025124432846247383,-0.28128330356671816,20.421570961920725,6.732511724354639,12
115,1.8,30,168.51,168.41944444444445,0.04082951855625222,-0.4421563992625284,28.949398381774124,13.203956951106237,12
116,1.8,30,172.6990338164251,172.4378502415459,-0.07764877907030741,-0.32092281271140405,14.475727895034634,4.54726185526807,12
116,1.8,60,164.00925925925927,163.7998427672956,-0.04841663421945131,-0.24292057315961096,23.18987473029961,6.193534937999563,12
117,1.8,60,163.95748502994013,164.2722754491018,-0.294381941207811,-1.9189985632559103,14.855879559697723,5.099944829213372,12
117,2.1,0,161.77659574468086,161.80632616487455,0.004222558381597345,0.2772439027803436,13.522616861430965,4.789712043420279,12
118,2.1,0,163.51796875,163.6140234375,0.012633591929670679,0.01591244064065957,15.678579768527218,5.07150597532075,12
118,2.1,15,159.8045112781955,159.87792929292928,0.022985741084216107,0.37011187894284475,14.018428696917269,4.899567887514183,12
119,2.1,15,160.3034090909091,160.52477272727273,-0.035500232986095816,-0.21221944784695582,12.590677529756185,5.461341037214659,12
119,2.1,30,171.5815028901734,171.34746588693957,-0.5332621425108758,-3.3099979110548414,13.205350573714474,7.070955575888054,12
120,2.1,30,172.1238095238095,172.28190476190477,-0.25199925733304296,-0.44885799988047087,13.6828503934547,5.327555261457097,12
120,2.1,60,170.651376146789,170.70524577572962,0.30148325268172116,-1.3066368525574337,14.569804104581504,5.01128380984889,12
121,1.5,0,163.89282511210763,163.8968018018018,-0.10257403730663113,0.2897457740113311,14.069852845709049,5.21147857675871,13
121,1.5,15,168.5842105263158,169.27923423423425,-0.42000353901160553,1.1123100149854481,24.505791111664497,7.6378205171535845,13
122,1.5,15,168.88245614035088,168.99899610136453,-0.13376008745984733,-0.24087100846153678,18.17443054669374,6.235490298608207,13
122,1.5,30,176.47555555555556,176.4998127340824,-0.19542675151602723,-0.47368351587805085,18.89320852421778,10.17041069733233,13
123,1.5,30,173.8656,174.28320000000002,-0.028475063574399436,-1.1004904153800446,16.93447573404907,4.545690195651124,13
123,1.5,60,174.78235294117647,174.48065432098764,-0.3859462431953209,-2.1074695182017957,13.787836197723362,6.542587019252421,13
124,1.5,60,172.36025641025643,173.14527777777778,-0.06101334502011784,-1.470483681363787,18.961788915986773,5.147423530809512,13
124,1.8,0,155.41420765027323,155.28260073260074,-0.09080203282414137,0.21616398176251367,16.62963115040147,7.085576307030359,13
125,1.8,0,155.67317073170733,156.05560975609757,-0.18979033295894565,-0.3658748922640252,10.905962231509976,5.987636448875507,13
125,1.8,15,160.91605504587156,160.82854838709676,0.3849770885367597,0.027466108428662605,17.530869916630568,7.154105842536342,13
125,1.8,30,152.8,152.8,,,9.616652224137052,,13
126,1.8,30,171.3747706422018,171.46113149847093,-0.0880513172630098,-1.5235684762993775,18.29717704278918,7.022987427046057,13
126,1.8,60,161.89302325581394,160.95880952380952,0.15871566237705195,-1.6080821610147364,20.846598390428763,11.25484810494005,13
127,1.8,60,168.9505747126437,169.10919540229884,0.13723491407344734,-0.08367594031220936,15.68927230829237,5.588212039619421,13
127,2.1,0,161.12873563218392,160.82757751937984,0.196593179654655,-0.22681284940815238,17.179685867975586,7.324111053409707,13
128,2.1,0,162.21044776119405,162.58880597014925,-0.509340197292404,-0.47679494162997277,14.324211947548923,5.2749277933662055,13
128,2.1,15,160.78110236220473,160.94789682539684,0.2888971912645152,0.11679084013726396,15.502681448977997,6.082542056953091,13
129,2.1,15,158.3825581395349,158.81465116279068,-0.09596024099101855,-0.17159058291894447,14.263034838024389,6.223144220932715,13
129,2.1,30,171.15657142857143,171.07730842911877,0.017283310451240232,-2.2321688962560513,14.468640274598393,6.737739855638068,13
130,2.1,30,165.08139534883722,166.21302325581394,-0.03815548979122289,-1.353999174220246,17.70566570357197,6.745543691202552,13
130,2.1,60,170.45324074074074,170.54758139534886,-0.05124127315178829,-0.7534533820633115,16.048953850058545,6.896511475005742,13
131,1.5,0,162.64751131221718,162.71554545454543,-0.019473271908421783,0.3386623703601421,15.46094656799126,5.466125335659537,14
131,1.5,15,165.50930232558142,165.4714285714286,0.4799161066304358,-0.09148227814530296,18.581568106895197,5.604944059436064,14
132,1.5,15,166.11705882352942,165.9160294117647,-0.2841317683079168,-0.3247250577508544,17.29610903492455,5.070329806653825,14
132,1.5,30,173.17021276595744,173.1493189964158,-0.288357600186564,-1.518582229545687,16.00282790726416,5.686782954940674,14
133,1.5,30,174.08709677419355,174.34677419354838,0.08307608835081276,-0.4727249448700511,14.470873284517934,4.257804225965012,14
133,1.5,60,174.82571428571427,174.8818345323741,-0.2010031197977332,-0.039878575956250106,12.145214715817904,3.7022637093907065,14
134,1.5,60,172.58354430379748,173.21993670886076,-0.3289025802921224,-0.4104240514713352,14.927847238443123,5.595198404726196,14
134,1.8,0,153.82108108108108,153.941875,0.10407472056539156,-0.21349357310777237,13.233592750488478,5.373971386200292,14
135,1.8,0,154.6153846153846,154.39794871794874,-0.11293571026554061,0.2517801410019366,15.595959977229237,3.916646779746802,14
135,1.8,15,160.36875,160.45154708520178,0.03590150123884696,-0.3397030337291103,15.182666723407998,4.858120958755568,14
135,1.8,30,138.3,,,,,,14
136,1.8,30,172.81422018348624,172.45809633027523,-0.06143303933995348,-2.0699925295523176,14.386653107583147,5.457046446710284,14
136,1.8,60,171.19565217391303,172.4744814814815,-0.662736233165697,0.09896951530275484,17.46396870412194,7.1173883036850025,14
137,1.8,60,168.96079545454543,168.91340909090908,-0.3980539501788552,-0.458641047555781,14.319844270628955,5.337824251533566,14
137,2.1,0,158.9659090909091,159.04431034482758,-0.3126554552241087,0.5519723836833751,13.953946307581196,4.977956885249534,14
138,2.1,0,159.35777777777778,159.3411111111111,0.21652664809320155,0.1939050957653408,12.930292251586692,4.0532272781277845,14
138,2.1,15,159.2348837209302,159.385,0.5730098376376096,1.3300037708332113,16.12419402618891,6.402760532160794,14
139,2.1,15,161.07349397590363,161.08626506024098,0.20519444149039578,-0.5706604764218476,13.776040391301407,5.077052080816705,14
139,2.1,30,171.6441988950276,171.35537962962962,-0.0015492310289606502,-2.867481954696427,15.93341115895215,6.469468500774429,14
140,2.1,30,168.1184210526316,168.71263157894737,0.45010317679408274,0.25138470804419893,15.03029113136532,4.666755157326677,14
140,2.1,60,169.13824884792626,169.07752314814817,-0.09769449719070947,-0.3760117618761946,13.503170501253999,5.235921166765017,14
141,1.5,0,163.051598173516,163.20707186544345,-0.08801065871123104,-0.06623152520665901,12.453776358970911,5.58680967975295,15
141,1.5,15,162.0,162.2368650793651,0.11408076228880244,1.2330355611226504,22.07847475753358,12.80036407109682,15
142,1.5,15,164.0638418079096,164.12596045197742,-0.0199751464330299,-0.6802228308866738,16.121623781073332,5.834688361586789,15
142,1.5,30,178.50235294117647,179.2802610441767,0.11187405748009224,1.1978167762797833,14.953825569387384,5.582423269369341,15
143,1.5,30,177.3294573643411,177.48675710594316,-0.31631620479023853,-0.35190753415588016,15.76829989994151,4.804848391886423,15
143,1.5,60,176.4714285714286,176.45520202020202,-0.04713613560108525,0.7929172665800219,13.095231444311569,4.251094625438468,15
144,1.5,60,172.71645569620253,173.25229957805908,-0.06152964074245211,-0.794093512109786,13.470541747426704,4.673540292732244,15
144,1.8,0,153.45355191256832,153.47042124542125,-0.051863119093058165,-0.39379593169543925,14.738287432245215,5.951143186284388,15
145,1.8,0,153.53589743589743,153.63589743589745,0.08010671603411969,-0.5455383827656795,12.85138712929848,6.683626583299916,15
145,1.8,15,158.60238095238094,158.41869218500798,0.20879148769431616,-0.8073912793445055,16.176885395470915,6.642824999639944,15
145,1.8,30,163.66153846153844,164.39263888888888,0.4734662147894023,-0.507514403975052,29.515321966213257,9.084303158076853,15
146,1.8,30,171.19182692307692,171.10625,-0.019798953214716315,-0.23525856514255816,14.868963250469506,4.912795614392305,15
146,1.8,60,168.3111111111111,167.51575471698112,0.3179287316768536,-0.15884640981207204,22.35332626184643,11.177513420124145,15
147,1.8,60,167.97560975609755,168.07158536585368,0.1646989166100319,-0.17207304725920128,15.496990097431961,5.689538773830933,15
147,2.1,0,158.8908163265306,158.98121993127148,0.3998438707796988,-0.05399160675833928,13.656780248265749,4.685192385790286,15
148,2.1,0,158.02416666666667,158.22650000000002,0.2513248513255302,0.9348507025448891,12.170269573209694,5.342363536044736,15
148,2.1,15,161.52957746478873,161.5717375886525,-0.05261268814618991,-0.3085280990857436,13.213027038046244,4.522414967447282,15
149,2.1,15,158.44878048780487,159.1056707317073,-0.0774179001439518,-0.31980490547028845,13.582761804858249,5.469514488699686,15
149,2.1,30,173.02444444444444,172.96444134078212,0.09870440937802127,-1.4081605505853534,14.849165739304041,5.770819730359245,15
150,2.1,30,167.0275,168.761,0.034927638192676795,-0.89397827804604,17.096783135717185,8.995684164628267,15
150,2.1,60,169.11926605504587,169.19041474654378,-0.2385924715781402,-0.3631553262336378,14.78068534834148,5.624868901721277,15
151,1.5,0,160.52304147465438,160.53796296296295,-0.18797374903722394,-0.13688899659414694,13.788797921284244,4.009150291986848,16
151,1.5,15,164.28863636363636,164.33833333333334,-0.26414960012019584,-1.7029023987497212,21.707315409402838,9.211642025693557,16
152,1.5,15,165.5091463414634,165.4169512195122,0.07086624572590651,-0.48087729359701487,15.582237071429505,4.2103498868128515,16
152,1.5,30,176.06597938144333,176.2386111111111,-0.12076516562069246,-0.4717087399871612,15.974314582309013,4.525054086243698,16
153,1.5,30,175.46218487394958,175.80134453781514,0.10770655180735356,-0.8157720815770301,14.390439337922022,4.899642831045253,16
153,1.5,60,174.9901408450704,175.0325413711584,-0.25835063007219855,-0.36889449860198076,13.82114891848107,3.1101117635557687,16
154,1.5,60,172.71756756756758,173.35999999999999,-0.477038522889687,-1.5748503347227925,15.073503543327762,3.9805802564553487,16
154,1.8,0,150.20641711229945,150.10278673835126,0.14050760595389852,-0.23123383199385,13.610316355156757,4.698653961931359,16
155,1.8,0,154.94054054054055,154.6735135135135,-0.13112558935181015,0.6732367566993029,12.938282117195628,2.9665282891100357,16
155,1.8,15,157.1822966507177,157.19591346153845,0.3317012272024757,-0.453235630542744,15.813158544755547,5.165322792239651,16
155,1.8,30,168.39333333333335,165.6836904761905,0.32745123534402665,-2.112135120807935,32.28295584507772,13.24993172339402,16
156,1.8,30,172.29951690821255,172.22038647342995,-0.10064617655741914,-0.3503027983073802,15.939626683037963,4.864853528104736,16
156,1.8,60,170.4962962962963,168.80064102564103,-0.44124778815834004,-2.3623386976384904,22.186932776383482,8.791320686150478,16
157,1.8,60,165.4109756097561,165.75036585365854,0.014877600676585482,-0.41403369517769395,15.824020772173368,4.835993612605205,16
157,2.1,0,158.94742268041236,159.11255208333333,0.19889945238569337,-0.23281193539609846,13.369906294731347,5.306612905005852,16
158,2.1,0,157.78879999999998,157.86496,0.20633308947628287,-0.1298213689486447,12.314587573149746,4.161408458838224,16
158,2.1,15,157.11911764705883,157.05756790123456,0.41663918686810725,0.8263825643216385,13.31733770917186,6.004195509243845,16
159,2.1,15,159.28604651162792,159.19697674418606,-0.08310488639033942,-0.2409772350647345,13.21698695565848,3.4841928999638756,16
159,2.1,30,169.93314285714285,169.85060344827588,0.1264026495632091,-1.6520446149166488,15.417072893951236,6.562912728177616,16
160,2.1,30,170.15555555555557,170.0802222222222,0.37969222287612947,-0.9091990700754288,16.98917510378508,5.179249896939653,16
160,2.1,60,167.72083333333333,167.60793798449612,-0.041572701360868436,-1.122775140612291,13.381440852999559,5.02945583519857,16
161,1.5,0,158.86136363636365,159.02373668188736,-0.13721228724912757,-0.026302506286737533,10.637716476323059,4.439849706932861,17
161,1.5,15,168.9720930232558,168.9220634920635,-0.22544479617896587,1.4272423037950608,23.078007729287318,10.955985796400919,17
162,1.5,15,165.79774011299435,166.01220338983052,0.1291861754681212,-0.07567760100918416,16.18476049055471,5.7239294556225015,17
162,1.5,30,175.87558139534883,176.17517647058824,0.09033261300407167,0.47089707652885565,15.927068605486852,6.194515500821348,17
163,1.5,30,172.7719696969697,172.9660606060606,-0.15295346034470345,-0.6933423971440078,13.099561873647433,5.2149077641570365,17
163,1.5,60,175.24427480916032,175.2872948717949,-0.3179634033269235,-0.264262800164471,15.680194074080273,4.652708237046215,17
164,1.5,60,171.47816091954024,171.98597701149427,-0.2217717967271097,-1.453934671881155,16.3380667303519,6.342382394757207,17
164,1.8,0,152.66931818181817,152.68285714285713,-0.0010389748496726628,0.5583868743964446,14.375859590335425,6.468660244056547,17
165,1.8,0,152.11836734693878,152.25755102040816,-0.21806536888753666,-0.2633786138424117,13.421464051246849,5.050024146234461,17
165,1.8,15,155.09626168224298,154.88838050314467,-0.18303746708180643,-1.3133919558186047,14.62057477039282,7.416146838937282,17
166,1.8,15,107.4,132.5,,,,,17
166,1.8,30,173.1886877828054,173.0203409090909,-0.051306131601502845,-1.0398680979205606,16.175986933422614,6.043756202768398,17
166,1.8,60,163.2390243902439,163.133875,0.43255637414075154,-1.0408590707334715,18.285115231367573,7.070909974074574,17
167,1.8,60,167.5694610778443,167.77232534930138,-0.3370847475935032,-0.8751069969627111,17.83595161996525,7.296743166781374,17
167,2.1,0,156.04479166666667,156.2068596491228,0.2565115392854863,0.20297883239046727,13.344629274822747,5.264354892930447,17
168,2.1,0,154.0814516129032,154.0933870967742,0.39559570436547914,-0.0597734243473677,10.130324491271372,3.8604205691723568,17
168,2.1,15,157.54028776978416,157.40583333333333,0.2247360418926457,-0.08860830373035014,13.12597115482006,5.2017495156066795,17
169,2.1,15,153.37317073170732,153.53658536585365,0.38115435595373054,-0.20952219324809282,11.370527733287227,5.733690604611746,17
169,2.1,30,170.70165745856355,170.52769444444445,0.1123399294817125,-0.6298878527965568,16.433720330595737,6.466104345655698,17
170,2.1,30,162.14864864864865,164.0932882882883,0.10124504099033119,-0.9536012272833234,19.56925907899686,10.140133915082984,17
170,2.1,60,167.5169724770642,167.50715821812594,0.015534770602240755,-0.7351377069921996,15.869642817092515,6.577224536376167,17
171,1.5,0,158.94932126696833,158.8239090909091,-0.07774875385806443,-1.445400165560502,14.802133199795904,4.900501716082074,18
171,1.5,15,166.8595238095238,167.50483739837398,-0.9097622428351915,1.2479123710174338,17.69869858139375,6.689504764979053,18
172,1.5,15,163.16171428571428,163.1952,0.060354296275654945,-0.1661049954955859,13.963209764570337,4.318756717645354,18
172,1.5,30,173.01250000000002,173.35752873563217,-0.08775419927657993,1.4363998269675429,14.256184884858378,4.975028669506087,18
173,1.5,30,174.05736434108528,174.29573643410853,-0.19125851382255724,-1.596085802178121,13.448587142299782,4.502294688405067,18
173,1.5,60,173.95,173.55353383458646,-0.886766592556887,-3.2988518835928775,16.064212080722655,10.042053919850826,18
174,1.5,60,173.52738095238095,173.69666666666666,0.45467769238425554,-0.7020433329702055,13.057199013187864,4.648019485820006,18
174,1.8,0,150.44692737430168,150.3580617977528,-0.12056748072984896,0.07708074653642355,11.276705085466384,3.5363576942840664,18
175,1.8,0,149.67777777777778,150.3258888888889,0.3294519858581436,-0.6934803827196693,12.92360224355017,3.9314796383123527,18
175,1.8,15,154.48530805687204,154.4007619047619,0.1887032772218056,-0.2130345673064792,14.7457087308843,5.093180814018239,18
175,1.8,30,151.62857142857143,148.1236111111111,2.3010667624080843,0.93368329740308,18.305710792510833,7.480943227566557,18
176,1.8,30,173.80704225352113,173.73032863849764,-0.09012701365765194,-0.43811214888692224,15.447827507485853,5.1816332371844736,18
176,1.8,60,161.666,162.06444444444443,-0.23417108377237625,-3.8911645042206593,18.8710836996713,7.487338290271832,18
177,1.8,60,163.8761904761905,164.0179761904762,0.08196969630178577,-0.7448722533316816,14.91486514076122,4.357806205143294,18
177,2.1,0,153.62,153.8071985815603,0.13599039006829974,-0.09291609640289468,11.626579965842389,4.406545807158181,18
178,2.1,0,154.1496062992126,154.15259842519686,0.08526368725730533,0.001059629636846611,10.416157122895608,4.208603237473656,18
178,2.1,15,156.93455882352941,156.77822222222224,0.27247988642811216,0.34338777505160295,12.869892391713762,4.289756567640929,18
179,2.1,15,154.75697674418606,154.85203488372093,0.4100075960880203,-0.05355895737541965,11.226612717348678,3.550473073525237,18
179,2.1,30,169.78248587570621,169.67098484848486,0.03755860289379438,-0.867332804215687,13.070050711588408,4.585810334210993,18
180,2.1,30,169.29268292682926,169.4640243902439,-0.24952445296702794,-0.9850939900814029,10.705521711806071,3.3240215138278297,18
180,2.1,60,166.97695852534562,167.09692129629627,0.10628682412634494,-0.9504248120214565,16.090882625560596,5.724558875119317,18
181,1.5,0,156.99955156950674,157.2118168168168,-0.22256974908080562,-0.30887241215067124,12.767845655430175,5.818380454093285,19
181,1.5,15,159.4175,158.498547008547,-0.45768077853014993,-1.6052678444877087,20.08530381864261,11.073469216739488,19
182,1.5,15,161.50944444444445,161.55305555555555,0.001340314768825244,-0.33427700386089776,13.045038857580264,4.904030761158985,19
182,1.5,30,170.77590361445783,170.73065040650408,-0.2039238167338537,-2.5340722905011415,17.320709375163858,8.977497954920208,19
183,1.5,30,173.7283582089552,173.98044776119403,0.09923610060420948,-0.23243698477718655,11.818276988142811,3.901359819937028,19
183,1.5,60,176.57751937984497,176.48330729166668,0.09959066712391122,0.13571982614621156,14.546918919429285,5.118655648811517,19
184,1.5,60,169.84597701149426,170.204496124031,-0.33549670003975207,-1.1842916567446498,16.44650810890292,7.724167755875054,19
184,1.8,0,148.51363636363638,148.34728571428573,0.16710187315171485,-0.20770171964284584,15.460528039906238,5.686071222943025,19
185,1.8,0,150.63958333333332,151.80458333333334,0.3316738739501713,-0.012184463674348044,12.715809218371207,3.775058662829154,19
185,1.8,15,155.39302325581394,155.4127180685358,-0.2525110306286778,-0.35765960096034927,13.804631407388209,6.428358692979763,19
186,1.8,15,144.025,144.48,-0.01446100970220907,-0.030290908718431087,16.566708584789357,3.3745320663266196,19
186,1.8,30,171.22439024390243,170.88066993464054,-0.22204770470878596,-2.287432709692662,19.172641615427693,7.363773173505393,19
186,1.8,60,164.21666666666667,163.09365384615387,-0.10541134428897647,-1.237539199623341,19.318441184819253,8.765127881542208,19
187,1.8,60,165.58353658536586,165.8491463414634,0.1277869504303019,0.0998597132726479,13.879040460455036,4.655787796172926,19
187,2.1,0,153.54242424242426,153.7011224489796,-0.03492777887048333,0.30057733301787964,12.635551488163014,4.954800469866766,19
188,2.1,0,153.5266129032258,153.6566129032258,0.27858869056796515,0.019253611259555114,11.411626569189378,4.617159737767337,19
188,2.1,15,155.66043165467624,155.4192270531401,0.050104951455020724,-1.4481544566311246,11.706796110577946,4.45564124401343,19
189,2.1,15,154.9578313253012,155.12,0.5324808386004258,-0.24991587398810583,12.621459856055921,5.2611414879375396,19
189,2.1,30,168.2938888888889,168.30879888268157,0.052899760378039486,-0.40970226105406266,15.737178567371231,5.837353475657784,19
190,2.1,30,164.78157894736842,165.30315789473684,0.10288647173892657,0.11745777894854255,18.629834475235683,6.90722383519824,19
190,2.1,60,168.79220183486237,168.75367895545315,0.09303755844720257,-0.9097218096948089,15.807333178824194,6.356482443488286,19
191,1.5,0,156.19174311926608,156.1175038402458,0.08311546190847828,0.1571812800016647,12.255491600376054,4.149387291537813,20
191,1.5,15,163.3086956521739,163.60044444444443,-0.2524698484960517,-0.2707771804079871,18.74096909728293,5.503325835576631,20
192,1.5,15,163.07988505747127,163.0651724137931,-0.07314030009094465,0.25979444921259465,13.91346077502491,4.202295371137849,20
192,1.5,30,173.04444444444445,173.39222846441947,-0.36963230331327196,-2.7792040278327024,14.353929979892799,5.619344788766676,20
193,1.5,30,172.3244094488189,172.51740157480313,-0.07086675035363978,-0.18712732748381347,12.74082126215558,3.0483478383883593,20
193,1.5,60,173.44379562043795,173.32049019607842,-0.5117209348573613,-2.0739019226992794,16.133641602864696,5.6544501507130756,20
194,1.5,60,172.40833333333333,172.77142857142857,-0.36672566853387445,-0.5805289399393396,12.297107195658914,3.798945047873715,20
194,1.8,0,147.96555555555554,148.04444134078213,0.22063274394335208,0.07884025639619772,11.461859619914085,4.080623915540259,20
195,1.8,0,148.48372093023255,148.56604651162792,0.32259555828672964,-0.1119111787709809,13.129899180560923,3.1600618887360863,20
195,1.8,15,155.5554502369668,155.48881746031745,0.15534826317101413,0.5921581924111097,15.671308516829562,5.699096558695914,20
195,1.8,30,164.85999999999999,164.8012962962963,-0.3337617733751508,-0.43068504613751774,22.47933371887264,5.1853626639599835,20
196,1.8,30,169.5193396226415,169.46524371069182,-0.06716971230228046,-0.4857792710471245,15.767723152081839,5.601696301503514,20
196,1.8,60,164.70961538461538,164.47813725490195,-0.1299748344604902,-2.7342167656975302,17.20912046852339,9.648125452053465,20
197,1.8,60,164.33048780487806,164.44487804878048,0.08221567348469333,-0.4878614569889028,13.802913260776242,5.777004603912468,20
197,2.1,0,152.828,152.8870202020202,0.33303422197308713,0.18484620443717198,11.825644792038815,4.736114555331219,20
198,2.1,0,154.5435483870968,154.6616129032258,0.3732861389135347,0.025424167076696882,11.409390241400567,3.6879638084164954,20
198,2.1,15,154.87,154.68787769784174,0.2532951560851444,0.14630310646840144,12.792723313828557,3.5816115502002734,20
199,2.1,15,156.20975609756098,156.43146341463412,0.2883213539773092,0.515803512284793,11.9603626204999,3.6077324782261013,20
199,2.1,30,169.03021978021977,168.74484346224676,-0.5982856814043026,-2.5830859407655646,14.689136774431278,7.188300125516184,20
200,2.1,30,166.51944444444445,167.865,-0.16420594615529932,-1.3100870034139056,12.05399327892023,6.274930392328802,20
200,2.1,60,167.35,167.40551282051283,-0.15853313767669208,-0.5439180007303339,14.395923096833862,4.7824115824446345,20
